headword	Lnum
अकृतत्यागमहिमन्	11106.002
अकोष	3845.002
अक्लिश्ट	3979.002
अगतस्पृह	16708.002
अग्निसेचन	16363.002
अग्र्यधुरा	7043.002
अङ्गुलिसम्वृताधरोष्ठ	250.002
अट्टपतिभागाख्य	149
अतिलुब्धता	193
अतृप्तिता	208
अत्युदारता	2113.002
अद्यपूर्व	9100.006
अद्यूति	238
अधर्मपरवन्त्	8125.002
अधस्वासस्	13106.002
अधिकोद्रेचिताभिख्य	730.002
अध्यापकता	300
अनभीक्ष्णम्	854.002
अनुरूपकुल	3588.002
अनेकपितृ	8824.002
अनेकश्रित	15008.002
अन्तरात्मन्य	530
अन्नकारणम्	3269.006
अन्व्यध्	14178.004
अन्ॐकृत	516
अपण्डितता	626
अपराधकृत्	658
अपरिवर्तिन्	8363.002
अपविघ्नम्	13218.004
अपहृतभर	10435.004
अपाषण्डधर्मसेतु	16365.004
अपुनःसम्भव	15779.004
अप्रयोजन	9827.002
अभग्नमानम्	11193.004
अभिनवकुसुमस्तवकित	16532.002
अभिनिवेशवन्त्	763
अभिलाषाङ्कुर	78.002
अभिसरणवेश	13999.004
अभीष्टवर्षिन्	12811.004
अभ्युपेतार्थकृत्य	3716.004
अभ्रपटल	7988.004
अभ्रावकाशक	896
अमरशत्रुराज	12042.004
अमान्द्य	11208.002
अमित्त्र	11301.002
अमृतसेक	16358.002
अमृतास्वादनीय	16842.004
अमोघमहिमन्	11106.004
अमोघवीर्य	13861.002
अम्भोविन्दुग्रहणरभस	11984.004
अयःपिण्डवत्	8819.002
अयस्कान्तशलाका	14527.002
अराजन्यप्रसूतितस्	978
अरिक्तपाणि	8590.002
अरिसंहति	15268.002
अर्घतस्	1005
अर्घप्रक्षेपण	9353.002
अर्थयोग	11853.006
अर्धत्रयोदशन्	6123.002
अर्धपथिन्	8056.002
अलकवल्लरि	12856.002
अलब्धोपम	2306.004
अलम्बिन्	12346.002
अलोचनगोचर	4575.004
अवकाशविषय	13709.006
अवतंसस्थानीय	16610.002
अवभासकत्व	1165
अवभासना	1166
अवस्कन्दप्रदान	9730.002
अविध्वंसिन्	13371.002
अविनोददीर्घयाम	11778.002
अविरुद्धता	13541.002
अविवर्तिन्	13593.002
अविहितसिध्	16148.008
अशंकुसुक	1238
अश्वरूप	12181.010
अष्टानवत	7252.014
असकलव्यक्ति	14151.002
असमवायित्व	1292
असमसाहसिक	16121.006
असमीक्षम्	15666.002
असिपत्रवृक्ष	13876.002
अस्मत्समीपतस्	15672.002
अस्मत्स्थान	16605.006
अहितकरण	2959.008
आकर्णपूर्ण	9172.002
आगण्डलम्ब	12341.002
आगत्व	1391
आघ्राणतस्	1413
आचारतस्	1421
आज्ञत्व	1439
आत्मंभरित्व	1476
आत्ममात्र	11166.010
आदक	1487
आदेशतस्	1507
आपन्नसत्त्व	15417.006
आयाससाध्य	15992.004
आयुधव्यसन	14224.002
आर्त्तता	1688
आलम्बितप्रार्थन	10046.002
आवृतविग्रह	13209.002
आशाविभङ्ग	13458.002
आशित्व	1763
आशुरय	11997.002
आश्रयाशवत्	1778
इतरेतरतस्	1855
इतिहासवाद	13005.006
उक्षणज	1952
उग्रश्रवण	14993.002
उच्चगुल्फ	4517.002
उच्चैस्तरत्व	1969
उच्छीलीन्ध्रातपत्र	1458.002
उच्छ्रायवन्त्	1986
उत्तरत्तर	2033.004
उत्तरायणसंक्रान्ति	15314.002
उत्पताकध्वज	7126.002
उत्पताकभुजलत	12331.004
उत्पन्नप्रतिभ	9586.002
उत्साहभङ्ग	10404.004
उदकविवध	13587.002
उदयाख्य	1383.002
उन्मायिन्	11238.008
उपक्रोशपात्र	8620.006
उपात्तहर्ष	17019.002
उपाधिता	2391
उप्तवीज	13827.006
उष्ट्रनामन्	7331.004
ऊधस्वन्त्	2485
ऊर्णमय	2499
ऊर्मिभुज	10611.002
ऊर्मिषट्क	15119.002
ऊल्कामुख	11351.022
ऋग्यजुःसामलक्षण	12278.008
एककेदार	3770.002
एकपत्नीत्व	2582
एकवेनि	13949.003
एकवेनी	13949.002
एकश्रुतधरत्व	2591
एकस्थता	2593
एकांशता	2594
एकोननवत	7252.002
एकोनविंश	13140.002
एकोनषष्ट	15130.004
एनद्	2633
एवंस्थ	16600.002
कक्षघ्न	2773
कङ्कालमुषल	11410.002
कण्ठनिवेशितहस्तयुगला	11810.002
कदर्थ्	2871
कपटमानव	11197.002
कपटयुवतिवेश	13999.008
कपालिक	2916
कमलषण्ड	15126.002
करसंज्ञित	15394.002
करुणोदय	2102.002
कर्कटकरज्जु	11935.002
कर्कटीजन्तु	5263.002
कर्णपरंपर	8122.002
कर्णसहित	15934.002
कर्त्तरि	3028
कर्पूरखण्ड	4173.004
कर्पूरविन्दुसरस्	15822.002
कर्म(न्)फल	10162.004
कर्मपर्वणी	8493.002
कलापवन्त्	3089
कल्कक	3104
काञ्चनरोमन्	12243.004
काञ्चनोरश्छद	2428.002
काननाभिमुख	792.002
काममञ्जरि	10821.002
कामसेवन	16375.002
कार्यविचक्षण	13223.002
काव्यदेवीश्वर	1938.014
कुमित्त्र	11301.004
कुलसंख्य	15322.004
कुलसुत	16189.026
कुवलयेशता	3617
कूर्चष्ठीवन	15152.002
कूलपात	8610.004
कृण्व्	3696
कृतत्रिपुण्ड्रक	8929.002
कृतपादाभिवन्दन	813.002
कृतानुराग	447.002
कृतोद्यम	2162.002
कृत्रिमराग	12032.006
कृत्रिमार्त्ति	1689.002
कृषिसेवन	16375.004
कृष्णवेण	13948.002
केशवत्व	3785
केशसंस्कार	15245.006
कोटरस्थ	3817
कोदण्डयन्त्र	11707.002
कोपस्थान	16605.014
कोपाग्नि	43.010
कोष्ठागारावतंसक	1132.002
क्रमधूसर	7074.002
क्रमयायात	11748.002
क्रोशमात्र	11166.016
क्लिन्नपक्षोत्तर	2033.008
क्षत्रबन्धुवत्	4011
क्षपणकरूपिन्	12185.008
क्षाराम्लोदकवारि	13051.004
क्षिप्तचित्तता	4063
क्षीणफल	10162.008
क्षेत्रवित्तपता	4105
क्ष्मातलमण्डल	10850.006
क्ॐकार	3814
कॢप्तहर्म्यस्थल	16592.006
खण्डिताधर	249.002
खर्खोदवेदिन्	4191
खलीनाकर्षण	1347.002
खातगम्भीरपरिख	8189.002
ख्यातव्याकरणश्रम	14986.008
गण्डभेदक	10691.002
गतसंज्ञ	15392.008
गताशङ्क	1758.002
गत्युत्कम्प	2010.002
गर्तापूरण	9086.002
गर्ववृत्ति	13894.012
गलापीड	1573.002
गलितविभव	13459.002
गात्र्	4402
गार्धपत्र	4434
गार्धराजित	4435
गार्धवासस्	4436
गिरय	4451
गिरिस्रव	16801.002
गुञ्जाफलसमाकार	1352.002
गुणचक्रप्रचोदिन्	9397.002
गुणशुल्क	14814.002
गुणसमुदयावाप्तिविषय	13709.012
गुरुजिगीष	5412.002
गुरुपाद	8631.008
गुरुव्यथा	14177.004
गृध्निनी	4536
गृहलोक	12500.012
गृहीतगर्भ	4352.002
गोजाविधनधान्यतस्	4576
गोदावरीपरिसर	8419.002
गोलोमतस्	4604
ग्रथितवस्तु	12914.006
ग्राम्	4643
चतुःस्˚	15539.006
चरणलाक्षा	12388.002
चलच्छास्त्र	14656.002
चिन्तामौन	11619.002
चिरकारिता	5012
चिरकालत्व	5013
चीरवल्कलवासस्	13106.012
चौरकिल्विष	3425.002
छक्षुःश्रुति	15023.004
छत्रगृह	4546.018
छद्मधर्म	6960.020
छद्मविधि	13354.008
छायार्थिन्	1035.002
छिन्ननस्य	7280.002
छिन्नशृङ्खल	14859.004
जघनस्थली	16592.010
जङ्घाकाण्ड	3193.004
जम्बालाङ्क	76.004
जयस्थलमुख	11351.044
जर्जरवंश	12555.006
जातगीतदिदृक्ष	6461.002
जालहस्त	17052.018
जालावलम्ब	1186.002
जिवरक्त	11938.004
जीवमात्र	11166.024
ज्ञानलव	12365.002
ठम्	2009.004
तत्प्रभात	10491.002
तदीयस्थान	16605.020
तन्वंशुक	5.004
तपष्चरण	4881.002
तमोवृत्ति	13894.022
तरङ्ग्	5747
तरुणपुत्र	8940.010
तालजङ्घा	5231.002
तिमिरघूर्ण	4732.002
तीर्थह्रद	17278.003
तुरङ्गममेध	11553.004
तृचवर्ज	12769.002
तृणविन्दुसरस्	15822.003
तृष्णातन्तु	5689.004
तेजोहानि	17068.002
तौर्यत्रिकसूत्रकार	16298.002
त्यक्तपूज	9066.006
त्रस्तरक्षोगण	4286.004
त्रिक्रम्	3920.002
त्रिनत	7212.002
त्रिस्रुत	16812.002
त्र्यब्दपूर्वम्	9100.016
त्र्यृच्	2524.004
त्वद्धितकाम्या	3260.004
त्वद्वर्जम्	12769.004
त्वद्संगम	15329.002
दंष्ट्राग्र	57.006
दंष्ट्राङ्कुर	78.006
दक्षिणकूल	3679.002
दक्षिणतःपुरस्	8975.002
दण्डचक्रबाल	4777.002
दण्डरुचि	12142.004
दण्डव्रत	14318.018
दत्तानुयात्र	437.002
दन्तमुषल	11410.006
दर्शनमात्र	11166.032
दशाब्दाख्य्	1383.006
दशार्धसंख्य	15322.008
दायकता	6405
दायादसमूह	15721.002
दारदर्शन	6330.014
दारिकादानपूर्वक	9101.006
दासपण	8008.004
दिक्चक्रबाल	4777.004
दुराक्रन्दम्	1369.004
दुरास्	1789.002
दुर्ब्˚	10351.006
दुर्भ्˚	10394.002
दुर्विचेष्टा	13236.002
दुष्चरित	4879.002
दुष्चर्मन्	4899.006
दुष्चारित्र	4955.002
दुष्चारिन्	4957.014
दुष्चिकित्स	4969.002
दुष्चिन्त्य	5004.006
दुष्चेष्ट्	5103.002
दुष्छद	5150.010
दुष्छिद्	5190.002
दुष्टचारित्र	4955.004
दुस्शील	14757.010
दृग्व्यापार	14261.006
दृष्टरसप्रबन्ध	9765.006
दृष्टिवाण	12980.004
देवयजनसंभव	15779.018
देवराजसमीपतस्	15672.004
देशकालक्षम	4025.010
देहयन्तृ	11705.002
दैवान्तरितपौरुष	9262.002
द्वन्द्वभाव	10542.026
द्वन्द्वयोधिन्	11867.008
द्वादशवर्ष	12804.008
द्विगुणलाभ	12407.008
द्विस्तावन्त्	5858.002
द्वेषिमनस्	10922.010
धनमित्त्र	11301.008
धनशुल्क	14814.004
धनुर्व्यग्रहस्त	17052.022
धर्मदोषप्रसङ्ग	9911.006
धिष्ठ्यप	7030
धूषरत्व	7072
नखकुलिश	3604.002
नगमात्र	11166.036
नम्रविटप	13268.002
नवस्˚	15539.008
नवोत्सेध	2089.002
नानाभाण्डपति	8032.080
नारीदृङ्नीरजस्तवकित	16532.004
निकामतस्	7392
निधानोष्मन्	2474.004
निन्दितमति	10859.010
नियमव्रत	14318.026
निरपत्रपा	629.002
निरभिभवसार	16069.030
निरमित्त्र	11301.006
निरवद्यवन्त्	7536
निरुपमरस	10087.002
निर्गतस्पृह	16708.004
निर्ब्˚	10328.018
निर्वाणदीप	6512.002
निर्विचेष्टा	13236.004
निष्चक्षुस्	4792.018
निष्चल	4912.002
निष्चेतन	5092.004
निष्पत्रय	7748
निष्प्रभावता	7754
निस्ःतुति	16543.002
नीतिवीज	13827.010
नीरर्व	12002.008
नेत्रव्रज	14311.004
पञ्चरात्रिका	12070.002
पटरचना	11921.008
पतङ्गवृत्ति	13894.030
पतिधर्मतस्	8036
पत्रवृश्चिक	13916.002
पयोगत	4326.010
परश्रित	15008.004
पराधीनवृत्ति	13894.032
परिनेत्र	7839.006
परिस्	8415
पर्ववर्जम्	12769.006
पाणिप्रणयिता	9435.002
पाण्डरद्वारगोपुर	8963.024
पापक्षयमात्र	11166.042
पिकवर	12728.008
पिण्डवत्	8819
पीवन्त्	8898
पुण्डरीकावतंस	1131.002
पुनःपुनश्चर्वितचर्वण	4907.002
पुरमालिन्	11264.018
पृतनाधिकार	256.006
पृथक्पृथक्	9137.002
पृथुश्रोनी	15041.002
प्रकीर्णकुसुमोत्कर	2012.004
प्रकृष्टप्रेमन्	10103.004
प्रतिग्रहरुचि	12142.006
प्रतिपक्षवादित्व	9559
प्रत्यन्तर	9681
प्रदक्षिणसव्य	9725
प्रबालमणिशृङ्ग	14860.010
प्रबालमणिशृङ्गिन्	14866.002
प्रस्नुतस्तन	16508.006
प्राख्पुण्यप्रभव	9771.004
प्राङ्गनतस्	9979
प्राणधारणमात्र	11166.044
प्राणविप्लव	13451.002
प्रामाण्यतस्	10033
फूत्कर्तुमनस्	10186
बद्धकट	2802.002
बद्धनिस्त्रिंश	7765.002
बधूयु	10214
बध्यशिला	14711.008
बष्	10260
बस्	10261
भक्षस्थान	16605.032
भङ्गभय	10431.012
भयप्लुत	10143.004
भयहेतुक	17217.002
भर्तृमन्त्	10454
भव्यरूपा	12181.034
भानवन्त्	10518
भीमक्रम्	3920.008
भूतसंचारिणी	15380.002
भूयिष्ठद्विजबालवृद्धविकलस्त्रैण	16579.002
भूलतिका	12332.006
भृकुटिमुख	11351.088
भ्रातृसंघातवन्त्	15353.002
मण्डलव्यूह	14304.008
मत्तेभकुम्भविदलनकृतश्रम	14986.012
मदनबाध	10282.008
मदनमञ्जरि	10821.003
मदिरेक्षणी	10884
मधुरसंभाष	15782.002
मन्त्रगुह्य	4519.002
मन्त्रौषधिवश	12866.018
मन्दभाग्यता	10973
मरोल	11020
महासङ्कट	2802.010
मातृशून्यता	14840.002
मानुषसंभव	15779.024
मित्त्रता	11302
मित्त्रवन्त्	11304
मुनिश्रेष्ठ	15034.005
मूर्तिमात्र	11166.052
मृगकोप	3831.008
मेहतस्	11571
मोहवश	12866.020
यज्ञवीत	14306.002
यज्ञार्थ	1023.032
यत्किंचिद	11684
यथाकथम्	2860.002
यथाकर्मन्	3049.052
यथाभीष्टदिशम्	11692
यथेप्सा	1918.002
युधिश्रेष्ठ	11826
युधिष्ठिरपुरोगम	9007.006
युवतिविषय	13709.022
रक्कजय	5287.010
रङ्गमण्डल	10850.014
रङ्गमातृक	11162.004
रथाङ्गश्रोणिविम्बा	10310.008
राज(न्)पुरुष	8996.032
राजाग्नि	43.022
रामकिल्विष	3425.004
रोप्	12238
रोमाञ्चितगात्र	4403.002
लक्ष्मणानुचर	388.002
लम्बय	12344
लुब्धकवार्त्ता	13063.008
लोकाभिहार	853.002
वञ्चितानेककामुक	3256.002
वटतल	5784.020
वत्सबन्ध	10220.030
वनवासक्षम	4025.012
वरुणात्मज	1469.006
वश्यकता	12879
वहिर्गिरि	4452.015
वहिर्वेदि	13973.006
वाघन्त्	12951
वाणपात	8610.024
वाणमय	12981
वाणयोजन	11862.004
वार्ताव्यतिकर	14164.004
वार्द्ध्रीणस	13074
वाष्पदुर्दिन	6466.006
विकसितवदनकमल	2940.004
विजयरथकुटुम्ब	3494.002
वितथम्	5663.008
वित्तमात्र	11166.064
विद्वेषिप्र्˚	9771.006
विनिष्चल	4912.004
विपन्नापत्य	627.004
विम्बफलाधरोष्ठ	250.004
विर्यावदान	1140.002
विशालकुलसंभव	15779.026
विशेषणवन्त्	13645
विषमशिष्	14731.002
विषाणकोष	3845.014
विससुत	16189.028
विस्तारितबहुव्रण	14316.008
विस्तारितवर्णसंकररुच्	12140.006
विस्मयकर्षमूल	11461.020
वीजकाण्डरुह	12175.010
वीजवन्त्	13831
वीजाङ्कुर	78.012
वीजाश्व	1260.008
वीणारवा	12002.014
वीतशङ्का	14381.006
वीर्यधूत	7048.002
वृत्तिपोषक	9234.002
वृषभैकादश	2598.002
वृहत्तुहिनशर्कर	14507.008
वृहद्बल	10243.024
वृहन्त्	13935
वृहस्पतिसुरतप्रिया	10077.032
वैदूर्यमय	14060
व्रञ्ज्	14314
शतदशक	6342.002
शब्दादिधर्मन्	6962.008
शर्वरीदीपक	6513.002
शवलत्व	14540
शष्पभोजिन्	10719.006
शस्त्रविद्	13306.006
शास्त्रवन्त्	14661
शितचम्पक	4872.002
शिलापिधान	702.002
शूनाचक्रध्वजवन्त्	14837
शूनास्थ	14838
शूरवर्माभिध	751.002
श्यालनामन्	7331.014
षड्विधा	13350.046
संकेत्	15307
संघड्डन	15346
संपर्कीय	15733
संमूर्छनोद्भव	2152.010
संसर्गरुचि	12142.012
संहतस्तन	16508.008
सक्तुशराव	14499.002
सपत्रलेख	12482.010
सप्तकक्ष्य	2775.004
सप्ततिसंबन्ध	15769.002
सप्तभूमिका	10647.004
सप्तसप्तन्	15543.006
सभृकुटिमुख	11351.090
समाजसंनिवेश	15522.004
समातृचक्रबाल	4777.006
समित्त्र	11301.010
समुद्रयानकुशल	3623.008
सरिद्वर	12728.022
सर्पत्वसंभावना	15781.002
सर्वभूतहितैषिन्	2644.004
सवाष्पम्	13095.006
सवेणुवीणापणवानुनादम्	405.002
सशृङ्ग	14860.012
सहपिण्ड	8812.004
सागरोद्भूतनिःस्वन	7383.002
साङ्काश्या	15970
साधुंमन्य	16004
साम(न्)वाद	13005.024
सिकतारेणु	12199.006
सुक्रम्	3920.010
सुखारोहणसोपान	16404.002
सुग्रीवा	4663.020
सुच्छन्न	5147.002
सुनिष्चित	4966.004
सुमित्त्र	11301.012
सुयन्त्र	11707.026
सुरब्ध	11982.002
सुराधित	12073.002
सुरारिसंभव	15779.028
सुवास्	13097.002
सुवीत	14306.004
सुसंबन्ध	15769.004
सूर्पनखा	7160.006
स्त्रीरत्नकूटस्थ	3664.002
स्त्रीस्वरूपवन्त्	12184.004
स्नुतस्	16664
स्फुरितरुचि	12142.014
स्मरशवर	14538.002
स्मराङ्कुर	78.014
स्मृतिरुद्ध	12161.004
स्रंश्	16792
स्वकरावलम्बनविमुक्तगलत्कलकाञ्चि	3188.002
स्वमायायन्त्र	11707.032
स्वयंवरकृतक्षण	4000.012
स्वयम्वृत	13867.004
स्वसंस्थ	15255.010
स्वेदनिक	16940
हंसगद्गद	4309.004
हताश्	1761.010
हर्म्याङ्गण	89.004
हस्ताग्रलग्न	12288.008
हस्त्यश्वरथसंबाध	15774.012
हिरण्यविन्दु	13403.004
हेमाम्बुरुह	939.002
हेमार्थ्य	1039.002
हेलुदिण्ण	17236
